<assembly xmlns="http://maven.apache.org/ASSEMBLY/2.0.0"
          xmlns:xsi="http://www.w3.org/2001/XMLSchema-instance"
          xsi:schemaLocation="http://maven.apache.org/ASSEMBLY/2.0.0 http://maven.apache.org/xsd/assembly-2.0.0.xsd">
  <id>executable</id>
  <formats>
    <format>zip</format>
  </formats>

  <fileSets>
    <fileSet>
      <outputDirectory>/</outputDirectory>
      <includes>
        <include>README*</include>
        <include>LICENSE*</include>
        <include>licenses/*.txt</include>
      </includes>
    </fileSet>
    <fileSet>
      <directory>target</directory>
      <outputDirectory>/</outputDirectory>
      <includes>
        <include>sudachi*.jar</include>
        <include>javax.json*.jar</include>
        <include>jdartsclone*.jar</include>
      </includes>
    </fileSet>
    <fileSet>
      <directory>src/main/resources</directory>
      <outputDirectory>/</outputDirectory>
      <includes>
        <include>sudachi.json</include>
        <include>sudachi_fulldict.json</include>
      </includes>
    </fileSet>
  </fileSets>
</assembly>
